,USD/AMD Log Return,Refi Rate Change (bps)
Mean,-7.297223921873437e-05,-0.045142650776453595
Std Dev,0.00404169436019367,7.906992694221307
Skewness,20.92467551278207,-6.888742730936507
Kurtosis,1055.2658818851858,480.20125173745026
1st Percentile,-0.007479193740484227,-25.0
5th Percentile,-0.0034239186171877967,0.0
95th Percentile,0.0029086863948523207,0.0
99th Percentile,0.0071525300046774995,0.0
